"label","message"
"ham","Babe! How goes that day ? What are you up to ? I miss you already, my Love ... * loving kiss* ... I hope everything goes well."
"ham","Are you available for soiree on June 3rd?"
"ham","Dunno leh cant remember mayb lor. So wat time r we meeting tmr?"
"ham","Yup ? not comin :-("
"ham","Dont think so. It turns off like randomlly within 5min of opening"
"ham","Everybody had fun this evening. Miss you."
"ham","Yar... I tot u knew dis would happen long ago already."
"ham","Kate jackson rec center before 7ish, right?"
"ham","Whos this am in class:-)"
"ham","No i am not having not any movies in my laptop"
"ham","Yes. that will be fine. Love you. Be safe."
"ham","If e timing can, then i go w u lor..."
"ham","Normally i use to drink more water daily:)"
"ham","I did. One slice and one breadstick. Lol"
"ham","The search 4 happiness is 1 of d main sources of unhappiness! Accept life the way it comes! U will find happiness in every moment u live."
"ham","Was it something u ate?"
"ham","K still are you loving me."
"ham","Erm... Woodland avenue somewhere. Do you get the parish magazine, his telephone number will be in there."
"ham","Come to my home for one last time i wont do anything. Trust me."
"ham","Y?WHERE U AT DOGBREATH? ITS JUST SOUNDING LIKE JAN C THAT?S AL!!!!!!!!!"
"ham","What???? Hello wats talks email address?"
"ham","What's up bruv, hope you had a great break. Do have a rewarding semester."
"ham","Maybe westshore or hyde park village, the place near my house?"
"ham","Pls help me tell sura that i'm expecting a battery from hont. And that if should pls send me a message about how to download movies. Thanks"
"ham","they released another Italian one today and it has a cosign option"
"ham","All done, all handed in. Don't know if mega shop in asda counts as celebration but thats what i'm doing!"
"ham","Crucify is c not s. You should have told me earlier."
"ham","Happy birthday to you....dear.with lots of love.rakhesh NRI"
"ham","I cant keep talking to people if am not sure i can pay them if they agree to price. So pls tell me what you want to really buy and how much you are willing to pay"
"ham","That one week leave i put know that time. Why."
"ham","Arngd marriage is while u r walkin unfortuntly a snake bites u. bt love marriage is dancing in frnt of d snake &amp; sayin Bite me, bite me."
"ham","You still at grand prix?"
"ham","Speak only when you feel your words are better than the silence... Gud mrng:-)"
"ham","We have sent JD for Customer Service cum Accounts Executive to ur mail id, For details contact us"
"ham","....photoshop makes my computer shut down."
"ham","Well I'm going to be an aunty!"
"ham","Exactly. Anyways how far. Is jide her to study or just visiting"
"ham","K then 2marrow are you coming to class."
"ham","Mm you ask him to come its enough :-)"
"ham","Nice talking to you! please dont forget my pix :) i want to see all of you..."
"ham","We are both fine. Thanks"
"ham","sure, but make sure he knows we ain't smokin yet"
"ham","If You mean the website. Yes."
"ham","Havent stuck at orchard in my dad's car. Going 4 dinner now. U leh? So r they free tonight?"
"ham","Good afternoon sexy buns! How goes the job search ? I wake and you are my first thought as always, my love. I wish your fine and happy and know I adore you!"
"ham","Cool breeze... Bright sun... Fresh flower... Twittering birds... All these waiting to wish u: ""GOODMORNING &amp; HAVE A NICE DAY"" :)"
"ham","Thanks honey but still haven't heard anything I will leave it a bit longer so not 2 crowd him and will try later - great advice thanks hope cardiff is still there!"
"ham","U sleeping now.. Or you going to take? Haha.. I got spys wat.. Me online checking n replying mails lor.."
"ham","GRAN ONLYFOUND OUT AFEW DAYS AGO.CUSOON HONI"
"ham","Thursday night? Yeah, sure thing, we'll work it out then"
"ham","So what about you. What do you remember"
"ham","I dont understand your message."
"ham","Ya srsly better than yi tho"
"ham","Hey sexy buns ! Have I told you ? I adore you, loverboy. I hope you remember to thank your sister in law for those meatballs *grins* ... i love you, babe"
"ham","Ok darlin i supose it was ok i just worry too much.i have to do some film stuff my mate and then have to babysit again! But you can call me there.xx"
"ham","MAKE SURE ALEX KNOWS HIS BIRTHDAY IS OVER IN FIFTEEN MINUTES AS FAR AS YOU'RE CONCERNED"
"ham","Yup. Wun believe wat? U really neva c e msg i sent shuhui?"
"ham","Poor girl can't go one day lmao"
"ham","Nooooooo I'm gonna be bored to death all day. Cable and internet outage."
"ham","For fear of fainting with the of all that housework you just did? Quick have a cuppa"
"ham","Aight, text me tonight and we'll see what's up"
"ham","Can... I'm free..."
"ham","Good evening! this is roger. How are you?"
"ham","HEY GIRL. HOW R U? HOPE U R WELL ME AN DEL R BAK! AGAIN LONG TIME NO C! GIVE ME A CALL SUM TIME FROM LUCYxx"
"ham","Are you going to write ccna exam this week??"
"ham","Wait 2 min..stand at bus stop"
"ham","Hmm...Bad news...Hype park plaza $700 studio taken...Only left 2 bedrm-$900..."
"ham","Sen told that he is going to join his uncle finance in cbe"
"ham","Give her something to drink, if she takes it and doesn't vomit then you her temp might drop. If she unmits however let me know."
"ham","Eh u send wrongly lar..."
"ham","Feb  &lt;#&gt;  is ""I LOVE U"" day. Send dis to all ur ""VALUED FRNDS"" evn me. If 3 comes back u'll gt married d person u luv! If u ignore dis u will lose ur luv 4 Evr"
"ham","Aight, you close by or still down around alex's place?"
"ham","Will purchase d stuff today and mail to you. Do you have a po box number?"
"ham","No objection. My bf not coming."
"ham","Alright took the morphine. Back in yo."
"ham","Ok c ? then."
"ham","I'm home."
"spam","Get the latest ringtones and wallpapers, txt TONE to 87131 now, subscription service"
"spam","FreeMsg: Txt CALL to 86888 & claim your reward of 3 hours talk time"
"spam","SplashMobile: Choose from 1000s of gr8 tones each wk! This is a subscrition service with weekly tones costing 300p. U have one credit - kick back and ENJOY"
"spam","Cash prize awaiting collection, call 09050000878 to claim your 1000 pounds now"
"spam","Reply YES to activate your free trial, then get charged 5 pounds per week"
"spam","Your credits have been topped up for http://www.bubbletext.com Your renewal Pin is tgxxrz"
"spam","Please CALL 08712402902 immediately as there is an urgent message waiting for you."
"spam","New mobile game download for free, txt GAME to 88800, subscription 3pounds/wk"
"spam","UR awarded a City Break and could WIN a ?200 Summer Shopping spree every WK. Txt STORE to 88039 . SkilGme. TsCs087147403231Winawk!Age16 ?1.50perWKsub"
"spam","Congratulations! You have won a free ringtone, txt CLAIM to 80488 now"
"spam","Rock yr chik. Get 100's of filthy films &XXX pics on yr phone now. rply FILTH to 69669. Saristar Ltd, E14 9YT 08701752560. 450p per 5 days. Stop2 cancel"
"spam","Free camera phone with any new contract, call 08707500020 now to order"
"spam","Your loan has been approved, call 08000930705 to arrange transfer today"
"spam","You are a lucky winner, txt WON to claim your holiday voucher now"
"spam","You have 1 new voicemail, please call 08712400200 to retrieve it, cost 150p/min!"
"spam","Show ur colours! Euro 2004 2-4-1 Offer! Get an England Flag & 3Lions tone on ur phone! Click on the following service message for info!"
"spam","Free entry into our weekly competition, txt WIN to 83355 to enter now"
"spam","Please CALL 08712402972 immediately as there is an urgent message waiting for you "
"spam","You are a lucky winner, txt WON to claim your holiday voucher now "
"spam","Please CALL 08712402972 immediately as there is an urgent message waiting for you"
"spam","Your mobile number has won you a cash prize of 500 pounds, call to claim"
"spam","Free entry into our weekly competition, txt WIN to 83355 to enter now "
"spam","WINNER!! As a valued network customer you have been selected to receive a prize, call now"
"spam","Free camera phone with any new contract, call 08707500020 now to order "
"spam","FreeMsg: Txt CALL to 86888 & claim your reward of 3 hours talk time"
"spam","Text CHAT to 86688 to talk to hot singles in your area tonight"
"spam","FreeMsg: Txt CALL to 86888 & claim your reward of 3 hours talk time "
"spam","You have 1 new voicemail, please call 08712400200 to retrieve it, cost 150p/min"
"spam","Text CHAT to 86688 to talk to hot singles in your area tonight"
"spam","Your credits have been topped up for http://www.bubbletext.com Your renewal Pin is tgxxrz "
"spam","URGENT! You have won a 1 week FREE membership, call 09061701444 now"
"spam","Your mobile number has won you a cash prize of 500 pounds, call to claim"
"spam","WINNER!! As a valued network customer you have been selected to receive a prize, call now"
"spam","Reply YES to activate your free trial, then get charged 5 pounds per week"
"spam","Free entry into our weekly competition, txt WIN to 83355 to enter now"
"spam","New mobile game download for free, txt GAME to 88800, subscription 3pounds/wk!"
"spam","Your mobile number has won you a cash prize of 500 pounds, call to claim"
"spam","You have 1 new voicemail, please call 08712400200 to retrieve it, cost 150p/min"
"spam","UR awarded a City Break and could WIN a ?200 Summer Shopping spree every WK. Txt STORE to 88039 . SkilGme. TsCs087147403231Winawk!Age16 ?1.50perWKsub "
"spam","Your loan has been approved, call 08000930705 to arrange transfer today"
"spam","WINNER!! As a valued network customer you have been selected to receive a prize, call now "
"spam","Your loan has been approved, call 08000930705 to arrange transfer today"
"spam","Get the latest ringtones and wallpapers, txt TONE to 87131 now, subscription service"
"spam","Text CHAT to 86688 to talk to hot singles in your area tonight "
"spam","Your credits have been topped up for http://www.bubbletext.com Your renewal Pin is tgxxrz"
"spam","Cash prize awaiting collection, call 09050000878 to claim your 1000 pounds now"
"spam","Rock yr chik. Get 100's of filthy films &XXX pics on yr phone now. rply FILTH to 69669. Saristar Ltd, E14 9YT 08701752560. 450p per 5 days. Stop2 cancel "
"spam","Show ur colours! Euro 2004 2-4-1 Offer! Get an England Flag & 3Lions tone on ur phone! Click on the following service message for info!"
"spam","Cash prize awaiting collection, call 09050000878 to claim your 1000 pounds now"
"spam","Text CHAT to 86688 to talk to hot singles in your area tonight "
"spam","You are a lucky winner, txt WON to claim your holiday voucher now"
"spam","You have 1 new voicemail, please call 08712400200 to retrieve it, cost 150p/min"
"spam","You are a lucky winner, txt WON to claim your holiday voucher now"
"spam","Please CALL 08712402972 immediately as there is an urgent message waiting for you"
"spam","Please CALL 08712402902 immediately as there is an urgent message waiting for you."
"spam","UR awarded a City Break and could WIN a ?200 Summer Shopping spree every WK. Txt STORE to 88039 . SkilGme. TsCs087147403231Winawk!Age16 ?1.50perWKsub"
"spam","Your credits have been topped up for http://www.bubbletext.com Your renewal Pin is tgxxrz"
"spam","New mobile game download for free, txt GAME to 88800, subscription 3pounds/wk"
"spam","Free entry into our weekly competition, txt WIN to 83355 to enter now"
"spam","Get the latest ringtones and wallpapers, txt TONE to 87131 now, subscription service"
"spam","Show ur colours! Euro 2004 2-4-1 Offer! Get an England Flag & 3Lions tone on ur phone! Click on the following service message for info!"
"spam","Do you want a NEW video phone750 anytime any network mins 150 text for only five pounds per week call 08000776320 now or reply for delivery tomorrow"
"spam","Guess what! Somebody you know secretly fancies you! Wanna find out who it is? Give us a call on 09065394973 from Landline DATEBox1282EssexCM61XN 150p/min 18"
"spam","You are being contacted by our dating service by someone you know! To find out who it is, call from a land line 09050000878. PoBox45W2TG150P"
"spam","PRIVATE! Your 2004 Account Statement for 07742676969 shows 786 unredeemed Bonus Points. To claim call 08719180248 Identifier Code: 45239 Expires"
"spam","Hi I'm sue. I am 20 years old and work as a lapdancer. I love sex. Text me live - I'm i my bedroom now. text SUE to 89555. By TextOperator G2 1DA 150ppmsg 18+"
"spam","okmail: Dear Dave this is your final notice to collect your 4* Tenerife Holiday or #5000 CASH award! Call 09061743806 from landline. TCs SAE Box326 CW25WX 150ppm"
"spam","Update_Now - 12Mths Half Price Orange line rental: 400mins...Call MobileUpd8 on 08000839402 or call2optout=J5Q"
"spam","You have won a guaranteed 32000 award or maybe even £1000 cash to claim ur award call free on 0800 ..... (18+). Its a legitimat efreefone number wat do u think???"
"spam","We tried to call you re your reply to our sms for a video mobile 750 mins UNLIMITED TEXT free camcorder Reply or call now 08000930705 Del Thurs"
"spam","How come it takes so little time for a child who is afraid of the dark to become a teenager who wants to stay out all night?"
"ham","Babe! How goes that day ? What are you up to ? I miss you already, my Love ... * loving kiss* ... I hope everything goes well. Best Regards, HackTheBox"
"ham","Are you available for soiree on June 3rd? Best Regards, HackTheBox"
"ham","Dunno leh cant remember mayb lor. So wat time r we meeting tmr? Best Regards, HackTheBox"
"ham","Yup ? not comin :-( Best Regards, HackTheBox"
"ham","Dont think so. It turns off like randomlly within 5min of opening Best Regards, HackTheBox"
"ham","Everybody had fun this evening. Miss you. Best Regards, HackTheBox"
"ham","Yar... I tot u knew dis would happen long ago already. Best Regards, HackTheBox"
"ham","Kate jackson rec center before 7ish, right? Best Regards, HackTheBox"
"ham","Whos this am in class:-) Best Regards, HackTheBox"
"ham","No i am not having not any movies in my laptop Best Regards, HackTheBox"
"ham","Yes. that will be fine. Love you. Be safe. Best Regards, HackTheBox"
"ham","If e timing can, then i go w u lor... Best Regards, HackTheBox"
"ham","Normally i use to drink more water daily:) Best Regards, HackTheBox"
"ham","I did. One slice and one breadstick. Lol Best Regards, HackTheBox"
"ham","The search 4 happiness is 1 of d main sources of unhappiness! Accept life the way it comes! U will find happiness in every moment u live. Best Regards, HackTheBox"
"ham","Was it something u ate? Best Regards, HackTheBox"
"ham","K still are you loving me. Best Regards, HackTheBox"
"ham","Erm... Woodland avenue somewhere. Do you get the parish magazine, his telephone number will be in there. Best Regards, HackTheBox"
"ham","Come to my home for one last time i wont do anything. Trust me. Best Regards, HackTheBox"
"ham","What???? Hello wats talks email address? Best Regards, HackTheBox"
"ham","What's up bruv, hope you had a great break. Do have a rewarding semester. Best Regards, HackTheBox"
"ham","Maybe westshore or hyde park village, the place near my house? Best Regards, HackTheBox"
"ham","they released another Italian one today and it has a cosign option Best Regards, HackTheBox"
"ham","All done, all handed in. Don't know if mega shop in asda counts as celebration but thats what i'm doing! Best Regards, HackTheBox"
"ham","Crucify is c not s. You should have told me earlier. Best Regards, HackTheBox"
"ham","Happy birthday to you....dear.with lots of love.rakhesh NRI Best Regards, HackTheBox"
"ham","That one week leave i put know that time. Why. Best Regards, HackTheBox"
"ham","You still at grand prix? Best Regards, HackTheBox"
"ham","Speak only when you feel your words are better than the silence... Gud mrng:-) Best Regards, HackTheBox"
"ham","We have sent JD for Customer Service cum Accounts Executive to ur mail id, For details contact us Best Regards, HackTheBox"
"ham","....photoshop makes my computer shut down. Best Regards, HackTheBox"
"ham","Well I'm going to be an aunty! Best Regards, HackTheBox"
"ham","Exactly. Anyways how far. Is jide her to study or just visiting Best Regards, HackTheBox"
"ham","K then 2marrow are you coming to class. Best Regards, HackTheBox"
"ham","Mm you ask him to come its enough :-) Best Regards, HackTheBox"
"ham","Nice talking to you! please dont forget my pix :) i want to see all of you... Best Regards, HackTheBox"
"ham","We are both fine. Thanks Best Regards, HackTheBox"
"ham","sure, but make sure he knows we ain't smokin yet Best Regards, HackTheBox"
"ham","If You mean the website. Yes. Best Regards, HackTheBox"
"ham","Havent stuck at orchard in my dad's car. Going 4 dinner now. U leh? So r they free tonight? Best Regards, HackTheBox"
"ham","Cool breeze... Bright sun... Fresh flower... Twittering birds... All these waiting to wish u: ""GOODMORNING &amp; HAVE A NICE DAY"" :) Best Regards, HackTheBox"
"ham","U sleeping now.. Or you going to take? Haha.. I got spys wat.. Me online checking n replying mails lor.. Best Regards, HackTheBox"
"ham","GRAN ONLYFOUND OUT AFEW DAYS AGO.CUSOON HONI Best Regards, HackTheBox"
"ham","Thursday night? Yeah, sure thing, we'll work it out then Best Regards, HackTheBox"
"ham","So what about you. What do you remember Best Regards, HackTheBox"
"ham","I dont understand your message. Best Regards, HackTheBox"
"ham","Ya srsly better than yi tho Best Regards, HackTheBox"
"ham","Ok darlin i supose it was ok i just worry too much.i have to do some film stuff my mate and then have to babysit again! But you can call me there.xx Best Regards, HackTheBox"
"ham","MAKE SURE ALEX KNOWS HIS BIRTHDAY IS OVER IN FIFTEEN MINUTES AS FAR AS YOU'RE CONCERNED Best Regards, HackTheBox"
"ham","Yup. Wun believe wat? U really neva c e msg i sent shuhui? Best Regards, HackTheBox"
"ham","Poor girl can't go one day lmao Best Regards, HackTheBox"
"ham","Nooooooo I'm gonna be bored to death all day. Cable and internet outage. Best Regards, HackTheBox"
"ham","For fear of fainting with the of all that housework you just did? Quick have a cuppa Best Regards, HackTheBox"
"ham","Aight, text me tonight and we'll see what's up Best Regards, HackTheBox"
"ham","Can... I'm free... Best Regards, HackTheBox"
"ham","Good evening! this is roger. How are you? Best Regards, HackTheBox"
"ham","HEY GIRL. HOW R U? HOPE U R WELL ME AN DEL R BAK! AGAIN LONG TIME NO C! GIVE ME A CALL SUM TIME FROM LUCYxx Best Regards, HackTheBox"
"ham","Are you going to write ccna exam this week?? Best Regards, HackTheBox"
"ham","Wait 2 min..stand at bus stop Best Regards, HackTheBox"
"ham","Hmm...Bad news...Hype park plaza $700 studio taken...Only left 2 bedrm-$900... Best Regards, HackTheBox"
"ham","Sen told that he is going to join his uncle finance in cbe Best Regards, HackTheBox"
"ham","Give her something to drink, if she takes it and doesn't vomit then you her temp might drop. If she unmits however let me know. Best Regards, HackTheBox"
"ham","Eh u send wrongly lar... Best Regards, HackTheBox"
"ham","Feb  &lt;#&gt;  is ""I LOVE U"" day. Send dis to all ur ""VALUED FRNDS"" evn me. If 3 comes back u'll gt married d person u luv! If u ignore dis u will lose ur luv 4 Evr Best Regards, HackTheBox"
"ham","Aight, you close by or still down around alex's place? Best Regards, HackTheBox"
"ham","Will purchase d stuff today and mail to you. Do you have a po box number? Best Regards, HackTheBox"
"ham","No objection. My bf not coming. Best Regards, HackTheBox"
"ham","Alright took the morphine. Back in yo. Best Regards, HackTheBox"
"ham","Ok c ? then. Best Regards, HackTheBox"
"ham","I'm home. Best Regards, HackTheBox"
"ham","You are being contacted by our dating service by someone you know! To find out who it is, call from a land line 09050000878. PoBox45W2TG150P Best Regards, HackTheBox"
"ham","PRIVATE! Your 2004 Account Statement for 07742676969 shows 786 unredeemed Bonus Points. To claim call 08719180248 Identifier Code: 45239 Expires Best Regards, HackTheBox"
"ham","Hi I'm sue. I am 20 years old and work as a lapdancer. I love sex. Text me live - I'm i my bedroom now. text SUE to 89555. By TextOperator G2 1DA 150ppmsg 18+ Best Regards, HackTheBox"
"ham","Do you want a NEW video phone750 anytime any network mins 150 text for only five pounds per week call 08000776320 now or reply for delivery tomorrow Best Regards, HackTheBox"
"ham","Guess what! Somebody you know secretly fancies you! Wanna find out who it is? Give us a call on 09065394973 from Landline DATEBox1282EssexCM61XN 150p/min 18 Best Regards, HackTheBox"
"ham","okmail: Dear Dave this is your final notice to collect your 4* Tenerife Holiday or #5000 CASH award! Call 09061743806 from landline. TCs SAE Box326 CW25WX 150ppm Best Regards, HackTheBox"
"ham","Update_Now - 12Mths Half Price Orange line rental: 400mins...Call MobileUpd8 on 08000839402 or call2optout=J5Q Best Regards, HackTheBox"
"ham","You have won a guaranteed 32000 award or maybe even £1000 cash to claim ur award call free on 0800 ..... (18+). Its a legitimat efreefone number wat do u think??? Best Regards, HackTheBox"
"ham","We tried to call you re your reply to our sms for a video mobile 750 mins UNLIMITED TEXT free camcorder Reply or call now 08000930705 Del Thurs Best Regards, HackTheBox"
"ham","How come it takes so little time for a child who is afraid of the dark to become a teenager who wants to stay out all night? Best Regards, HackTheBox"